pincode,gp_code,gp_name,block,district,state
828104,111722,BAGDAHA,Baghmara,Dhanbad,Jharkhand
828104,111726,BARORA,Baghmara,Dhanbad,Jharkhand
828107,111776,ALAKDIHA,Baliapur,Dhanbad,Jharkhand
826001,111799,BABUDIH,Dhanbad,Dhanbad,Jharkhand
828111,111811,AMBAPAHARI,Egarkund,Dhanbad,Jharkhand
828205,111829,AMARPUR,Govindpur,Dhanbad,Jharkhand
828125,111868,ALAMDIH,Kaliasol,Dhanbad,Jharkhand
828204,111886,BAGMARA,Nirsa,Dhanbad,Jharkhand
828108,111910,BAGHMUNDI,Purvi Tundi,Dhanbad,Jharkhand
828401,111919,AMBATAND,Topchanchi,Dhanbad,Jharkhand
828127,111947,BAMANDIHA,Tundi,Dhanbad,Jharkhand
828109,111731,CHHATRUTAND,Baghmara,Dhanbad,Jharkhand
828113,111735,DHAWACHITA,Baghmara,Dhanbad,Jharkhand
828122,111780,SINDRI,Baliapur,Dhanbad,Jharkhand
828105,111760,JHARIA_RURAL,Jharia,Dhanbad,Jharkhand
452001,133401,Ralamandal,Indore,Indore,Madhya Pradesh
221001,214101,Rameshwar,Kashi Vidyapeeth,Varanasi,Uttar Pradesh
110036,107101,Alipur,Alipur,North Delhi,Delhi
302001,118101,Amer Rural,Amer,Jaipur,Rajasthan
