Variable,Method,N_Samples,MAE,RMSE,Bias,Pearson_r,Skill_RMSE_pct,Skill_MAE_pct
RAINFALL,Coarse_Unadjusted_NWP,15372,0.5652,2.1963,-0.5651,0.9892,0.0,0.01
RAINFALL,Bilinear_Interpolation,15372,0.5652,2.1963,-0.5651,0.9892,0.0,0.01
RAINFALL,Lapse_Rate_Only,15372,0.5652,2.1963,-0.5651,0.9892,0.0,0.01
RAINFALL,Empirical_Quantile_Mapping,15372,0.5655,2.6508,-0.383,0.9741,-20.69,-0.04
RAINFALL,Ensemble_Downscaled_Model,15372,0.0975,0.389,0.0099,0.9995,82.29,82.75
TEMPERATURE,Coarse_Unadjusted_NWP,15372,0.8205,1.3192,0.82,0.9823,0.0,0.0
TEMPERATURE,Bilinear_Interpolation,15372,0.8205,1.3192,0.82,0.9823,0.0,0.0
TEMPERATURE,Lapse_Rate_Only,15372,0.0024,0.0027,0.0007,1.0,99.79,99.7
TEMPERATURE,Empirical_Quantile_Mapping,15372,0.7804,1.2855,0.6706,0.9801,2.55,4.89
TEMPERATURE,Ensemble_Downscaled_Model,15372,0.0022,0.0028,0.0004,1.0,99.79,99.73
HUMIDITY,Coarse_Unadjusted_NWP,15372,1.5084,2.421,-1.5079,0.9954,-0.0,0.0
HUMIDITY,Bilinear_Interpolation,15372,1.5084,2.421,-1.5079,0.9954,-0.0,0.0
HUMIDITY,Lapse_Rate_Only,15372,1.5084,2.421,-1.5079,0.9954,-0.0,0.0
HUMIDITY,Empirical_Quantile_Mapping,15372,1.9599,3.9196,-1.1691,0.9824,-61.9,-29.93
HUMIDITY,Ensemble_Downscaled_Model,15372,0.0027,0.0151,-0.0005,1.0,99.38,99.82
WIND_SPEED,Coarse_Unadjusted_NWP,15372,0.3837,0.5984,-0.321,0.9601,0.0,-0.01
WIND_SPEED,Bilinear_Interpolation,15372,0.3837,0.5984,-0.321,0.9601,0.0,-0.01
WIND_SPEED,Lapse_Rate_Only,15372,0.3837,0.5984,-0.321,0.9601,0.0,-0.01
WIND_SPEED,Empirical_Quantile_Mapping,15372,0.4081,0.49,0.1191,0.9598,18.12,-6.35
WIND_SPEED,Ensemble_Downscaled_Model,15372,0.0238,0.0335,0.0015,0.9998,94.41,93.79
EVAPOTRANSPIRATION,Coarse_Unadjusted_NWP,15372,0.318,0.4461,-0.1184,0.9937,0.0,0.01
EVAPOTRANSPIRATION,Bilinear_Interpolation,15372,0.318,0.4461,-0.1184,0.9937,0.0,0.01
EVAPOTRANSPIRATION,Lapse_Rate_Only,15372,0.318,0.4461,-0.1184,0.9937,0.0,0.01
EVAPOTRANSPIRATION,Empirical_Quantile_Mapping,15372,0.1069,0.2406,-0.0327,0.9949,46.06,66.39
EVAPOTRANSPIRATION,Ensemble_Downscaled_Model,15372,0.0228,0.0557,-0.0123,0.9998,87.52,92.84
