EVALUATION_MODE,VARIABLE,N_SAMPLES,MODEL_MAE,MODEL_RMSE,MODEL_BIAS,COARSE_MAE,COARSE_RMSE,SKILL_SCORE_MAE_IMPR_PCT,SKILL_SCORE_RMSE_IMPR_PCT,UNCERTAINTY_COVERAGE_PCT,MEAN_INTERVAL_WIDTH
operational_realtime_verification,RAINFALL,717,0.077,0.292,0.0008,2.9714,3.3221,97.41,91.21,80.2,0.242
operational_realtime_verification,TEMPERATURE,717,0.0004,0.0022,0.0,0.3533,0.6258,99.88,99.64,92.61,0.0014
operational_realtime_verification,HUMIDITY,717,0.0053,0.0378,0.001,0.9079,1.3449,99.41,97.19,88.15,0.0166
operational_realtime_verification,WIND_SPEED,717,0.0074,0.0118,0.0002,0.6156,0.7699,98.8,98.47,81.17,0.024
operational_realtime_verification,EVAPOTRANSPIRATION,717,0.0018,0.0024,-0.0,0.1531,0.2561,98.81,99.05,87.03,0.0061
historical_test_verification,RAINFALL,87474,0.0464,0.1884,0.0084,0.2267,1.0176,79.53,81.49,55.47,0.064
historical_test_verification,TEMPERATURE,87474,0.3368,0.6091,-0.0709,0.0,0.0,0.0,0.0,0.02,0.0012
historical_test_verification,HUMIDITY,87474,0.6075,1.1137,0.1651,0.0,0.0,0.0,0.0,0.0,0.0014
historical_test_verification,WIND_SPEED,87474,0.477,0.5856,0.462,0.0,0.0,0.0,0.0,1.27,0.0129
historical_test_verification,EVAPOTRANSPIRATION,87474,0.3178,0.4312,0.1401,0.0,0.0,0.0,0.0,0.71,0.0061
