station_id,station_name,station_elevation_m,era5_elevation_m,elevation_diff_m,model_or_baseline,n_samples,mae_c,rmse_c,bias_c,pearson_r,held_out_test_year
42567099999,KHAJURAHO ARPT,217.0,211.0,6.0,ERA5_Raw_0.25deg,320,2.634,3.044,-2.513,0.972,2024
42567099999,KHAJURAHO ARPT,217.0,211.0,6.0,Standard_Lapse_Rate_6.5C_km,320,2.667,3.076,-2.552,0.972,2024
42567099999,KHAJURAHO ARPT,217.0,211.0,6.0,LOSO_Regional_Bias_Correction,320,2.182,2.551,-1.976,0.976,2024
42571099999,SATNA,317.0,314.0,3.0,ERA5_Raw_0.25deg,350,0.585,0.787,-0.123,0.993,2024
42571099999,SATNA,317.0,314.0,3.0,Standard_Lapse_Rate_6.5C_km,350,0.59,0.79,-0.143,0.993,2024
42571099999,SATNA,317.0,314.0,3.0,LOSO_Regional_Bias_Correction,350,1.078,1.31,1.003,0.992,2024
42667099999,BHOPAL / RAJA BHOJ,524.0,521.0,3.0,ERA5_Raw_0.25deg,352,0.714,0.963,-0.204,0.985,2024
42667099999,BHOPAL / RAJA BHOJ,524.0,521.0,3.0,Standard_Lapse_Rate_6.5C_km,352,0.718,0.968,-0.223,0.985,2024
42667099999,BHOPAL / RAJA BHOJ,524.0,521.0,3.0,LOSO_Regional_Bias_Correction,352,0.938,1.219,0.819,0.986,2024
42675099999,JABALPUR ARPT,495.0,489.0,6.0,ERA5_Raw_0.25deg,351,1.364,1.585,-1.247,0.984,2024
42675099999,JABALPUR ARPT,495.0,489.0,6.0,Standard_Lapse_Rate_6.5C_km,351,1.396,1.616,-1.286,0.984,2024
42675099999,JABALPUR ARPT,495.0,489.0,6.0,LOSO_Regional_Bias_Correction,351,0.922,1.167,-0.564,0.982,2024
42754099999,INDORE / DEVI AHILYABAI,563.9,564.0,-0.1,ERA5_Raw_0.25deg,355,0.674,1.075,0.056,0.974,2024
42754099999,INDORE / DEVI AHILYABAI,563.9,564.0,-0.1,Standard_Lapse_Rate_6.5C_km,355,0.674,1.075,0.057,0.974,2024
42754099999,INDORE / DEVI AHILYABAI,563.9,564.0,-0.1,LOSO_Regional_Bias_Correction,355,1.331,1.683,1.273,0.973,2024
