VARIABLE,DATE,DAILY_MODEL_MAE,DAILY_MODEL_RMSE,DAILY_COARSE_MAE,ROLLING_MODEL_MAE,ROLLING_MODEL_RMSE,ROLLING_COARSE_MAE,ROLLING_SKILL_IMPR_PCT,CUMULATIVE_MODEL_MAE,CUMULATIVE_MODEL_RMSE,CUMULATIVE_COARSE_MAE,CUMULATIVE_SKILL_IMPR_PCT
RAINFALL,2026-09-25,0.1512,0.4891,3.0644,0.1512,0.4891,3.0644,95.07,0.1512,0.4891,3.0644,95.07
RAINFALL,2026-09-26,0.0576,0.1227,2.963,0.1044,0.3059,3.0137,96.54,0.1044,0.3059,3.0137,96.54
RAINFALL,2026-09-27,0.0223,0.0392,2.8867,0.077,0.217,2.9714,97.41,0.077,0.217,2.9714,97.41
TEMPERATURE,2026-09-25,0.0007,0.0038,0.3544,0.0007,0.0038,0.3544,99.8,0.0007,0.0038,0.3544,99.8
TEMPERATURE,2026-09-26,0.0003,0.0006,0.3611,0.0005,0.0022,0.3578,99.86,0.0005,0.0022,0.3578,99.86
TEMPERATURE,2026-09-27,0.0003,0.0006,0.3443,0.0004,0.0017,0.3533,99.89,0.0004,0.0017,0.3533,99.89
HUMIDITY,2026-09-25,0.0118,0.0637,0.8667,0.0118,0.0637,0.8667,98.64,0.0118,0.0637,0.8667,98.64
HUMIDITY,2026-09-26,0.0021,0.0121,0.9503,0.007,0.0379,0.9085,99.23,0.007,0.0379,0.9085,99.23
HUMIDITY,2026-09-27,0.0021,0.0096,0.9066,0.0053,0.0285,0.9079,99.42,0.0053,0.0285,0.9079,99.42
WIND_SPEED,2026-09-25,0.0109,0.0161,0.7849,0.0109,0.0161,0.7849,98.61,0.0109,0.0161,0.7849,98.61
WIND_SPEED,2026-09-26,0.0081,0.0117,0.7007,0.0095,0.0139,0.7428,98.72,0.0095,0.0139,0.7428,98.72
WIND_SPEED,2026-09-27,0.0033,0.0045,0.361,0.0074,0.0108,0.6155,98.8,0.0074,0.0108,0.6155,98.8
EVAPOTRANSPIRATION,2026-09-25,0.0021,0.0029,0.1512,0.0021,0.0029,0.1512,98.61,0.0021,0.0029,0.1512,98.61
EVAPOTRANSPIRATION,2026-09-26,0.0014,0.0019,0.1545,0.0017,0.0024,0.1528,98.89,0.0017,0.0024,0.1528,98.89
EVAPOTRANSPIRATION,2026-09-27,0.0019,0.0024,0.1536,0.0018,0.0024,0.1531,98.82,0.0018,0.0024,0.1531,98.82
